path,target,pred,pred_confidence,true_class_probability,target_name,pred_name
C:\Users\haitr\OneDrive\Desktop\DL-Assignment-DNAC1\data\crop-pest-and-disease-detection\Maize leaf blight\leaf blight217_.jpg,14,15,0.71115404,0.17223169,Maize leaf blight,Maize leaf spot
C:\Users\haitr\OneDrive\Desktop\DL-Assignment-DNAC1\data\crop-pest-and-disease-detection\Tomato septoria leaf spot\septoria leaf spot1390_.jpg,20,18,0.6058782,0.24318132,Tomato septoria leaf spot,Tomato leaf blight
C:\Users\haitr\OneDrive\Desktop\DL-Assignment-DNAC1\data\crop-pest-and-disease-detection\Tomato verticulium wilt\verticulium wilt431_.jpg,21,20,0.3694695,0.28736216,Tomato verticulium wilt,Tomato septoria leaf spot
C:\Users\haitr\OneDrive\Desktop\DL-Assignment-DNAC1\data\crop-pest-and-disease-detection\Maize leaf spot\leaf spot1064_.jpg,15,14,0.48314512,0.33373305,Maize leaf spot,Maize leaf blight
C:\Users\haitr\OneDrive\Desktop\DL-Assignment-DNAC1\data\crop-pest-and-disease-detection\Tomato septoria leaf spot\septoria leaf spot103_.jpg,20,18,0.48749566,0.26722717,Tomato septoria leaf spot,Tomato leaf blight
C:\Users\haitr\OneDrive\Desktop\DL-Assignment-DNAC1\data\crop-pest-and-disease-detection\Maize streak virus\streak virus316_.jpg,16,14,0.6544068,0.1903547,Maize streak virus,Maize leaf blight
C:\Users\haitr\OneDrive\Desktop\DL-Assignment-DNAC1\data\crop-pest-and-disease-detection\Maize streak virus\streak virus115_.jpg,16,15,0.51467955,0.2850051,Maize streak virus,Maize leaf spot
C:\Users\haitr\OneDrive\Desktop\DL-Assignment-DNAC1\data\crop-pest-and-disease-detection\Tomato leaf blight\leaf blight443_.jpg,18,21,0.5053551,0.11512498,Tomato leaf blight,Tomato verticulium wilt
C:\Users\haitr\OneDrive\Desktop\DL-Assignment-DNAC1\data\crop-pest-and-disease-detection\Maize leaf spot\leaf spot1240_.jpg,15,14,0.78664017,0.04228958,Maize leaf spot,Maize leaf blight
C:\Users\haitr\OneDrive\Desktop\DL-Assignment-DNAC1\data\crop-pest-and-disease-detection\Tomato septoria leaf spot\septoria leaf spot346_.jpg,20,21,0.47355947,0.2779776,Tomato septoria leaf spot,Tomato verticulium wilt
C:\Users\haitr\OneDrive\Desktop\DL-Assignment-DNAC1\data\crop-pest-and-disease-detection\Cashew leaf miner\leaf miner864_.jpg,3,2,0.63324904,0.0085524125,Cashew leaf miner,Cashew healthy
C:\Users\haitr\OneDrive\Desktop\DL-Assignment-DNAC1\data\crop-pest-and-disease-detection\Maize leaf blight\leaf blight922_.jpg,14,15,0.39556575,0.28864673,Maize leaf blight,Maize leaf spot
C:\Users\haitr\OneDrive\Desktop\DL-Assignment-DNAC1\data\crop-pest-and-disease-detection\Maize fall armyworm\fall armyworm175_.jpg,10,14,0.35645604,0.06587317,Maize fall armyworm,Maize leaf blight
C:\Users\haitr\OneDrive\Desktop\DL-Assignment-DNAC1\data\crop-pest-and-disease-detection\Tomato septoria leaf spot\septoria leaf spot1564_.jpg,20,21,0.52459,0.0798706,Tomato septoria leaf spot,Tomato verticulium wilt
C:\Users\haitr\OneDrive\Desktop\DL-Assignment-DNAC1\data\crop-pest-and-disease-detection\Tomato healthy\healthy127_.jpg,17,7,0.4196332,0.33894897,Tomato healthy,Cassava green mite
C:\Users\haitr\OneDrive\Desktop\DL-Assignment-DNAC1\data\crop-pest-and-disease-detection\Cassava bacterial blight\bacterial blight1274_.jpg,5,8,0.8219849,0.058588903,Cassava bacterial blight,Cassava healthy
C:\Users\haitr\OneDrive\Desktop\DL-Assignment-DNAC1\data\crop-pest-and-disease-detection\Cashew gumosis\gumosis285_.jpg,1,5,0.771646,0.08057689,Cashew gumosis,Cassava bacterial blight
C:\Users\haitr\OneDrive\Desktop\DL-Assignment-DNAC1\data\crop-pest-and-disease-detection\Tomato leaf curl\leaf curl377_.jpg,19,17,0.90951306,0.0048079104,Tomato leaf curl,Tomato healthy
C:\Users\haitr\OneDrive\Desktop\DL-Assignment-DNAC1\data\crop-pest-and-disease-detection\Tomato septoria leaf spot\septoria leaf spot289_.jpg,20,18,0.47784084,0.06763933,Tomato septoria leaf spot,Tomato leaf blight
C:\Users\haitr\OneDrive\Desktop\DL-Assignment-DNAC1\data\crop-pest-and-disease-detection\Maize streak virus\streak virus598_.jpg,16,15,0.869072,0.016618928,Maize streak virus,Maize leaf spot
C:\Users\haitr\OneDrive\Desktop\DL-Assignment-DNAC1\data\crop-pest-and-disease-detection\Maize leaf blight\leaf blight402_.jpg,14,11,0.2154221,0.08076277,Maize leaf blight,Maize grasshoper
C:\Users\haitr\OneDrive\Desktop\DL-Assignment-DNAC1\data\crop-pest-and-disease-detection\Tomato leaf blight\leaf blight488_.jpg,18,20,0.6817478,0.09126365,Tomato leaf blight,Tomato septoria leaf spot
C:\Users\haitr\OneDrive\Desktop\DL-Assignment-DNAC1\data\crop-pest-and-disease-detection\Tomato leaf blight\leaf blight515_.jpg,18,20,0.5403452,0.27819076,Tomato leaf blight,Tomato septoria leaf spot
C:\Users\haitr\OneDrive\Desktop\DL-Assignment-DNAC1\data\crop-pest-and-disease-detection\Tomato leaf blight\leaf blight453_.jpg,18,21,0.61818033,0.31560618,Tomato leaf blight,Tomato verticulium wilt
C:\Users\haitr\OneDrive\Desktop\DL-Assignment-DNAC1\data\crop-pest-and-disease-detection\Maize leaf blight\leaf blight314_.jpg,14,15,0.89970624,0.00847235,Maize leaf blight,Maize leaf spot
C:\Users\haitr\OneDrive\Desktop\DL-Assignment-DNAC1\data\crop-pest-and-disease-detection\Cashew anthracnose\anthracnose1352_.jpg,0,2,0.83556825,0.047218777,Cashew anthracnose,Cashew healthy
C:\Users\haitr\OneDrive\Desktop\DL-Assignment-DNAC1\data\crop-pest-and-disease-detection\Cassava brown spot\brown spot1236_.jpg,6,5,0.55193454,0.33861184,Cassava brown spot,Cassava bacterial blight
C:\Users\haitr\OneDrive\Desktop\DL-Assignment-DNAC1\data\crop-pest-and-disease-detection\Tomato leaf blight\leaf blight783_.jpg,18,19,0.44432682,0.25764558,Tomato leaf blight,Tomato leaf curl
C:\Users\haitr\OneDrive\Desktop\DL-Assignment-DNAC1\data\crop-pest-and-disease-detection\Maize leaf spot\leaf spot830_.jpg,15,14,0.9304675,0.022063727,Maize leaf spot,Maize leaf blight
C:\Users\haitr\OneDrive\Desktop\DL-Assignment-DNAC1\data\crop-pest-and-disease-detection\Tomato verticulium wilt\verticulium wilt635_.jpg,21,20,0.64354515,0.11939198,Tomato verticulium wilt,Tomato septoria leaf spot
C:\Users\haitr\OneDrive\Desktop\DL-Assignment-DNAC1\data\crop-pest-and-disease-detection\Cassava mosaic\mosaic895_.jpg,9,5,0.4576858,0.13500746,Cassava mosaic,Cassava bacterial blight
C:\Users\haitr\OneDrive\Desktop\DL-Assignment-DNAC1\data\crop-pest-and-disease-detection\Maize leaf blight\leaf blight22_.jpg,14,15,0.6908603,0.1975213,Maize leaf blight,Maize leaf spot
C:\Users\haitr\OneDrive\Desktop\DL-Assignment-DNAC1\data\crop-pest-and-disease-detection\Tomato septoria leaf spot\septoria leaf spot105_.jpg,20,18,0.65834814,0.016996322,Tomato septoria leaf spot,Tomato leaf blight
C:\Users\haitr\OneDrive\Desktop\DL-Assignment-DNAC1\data\crop-pest-and-disease-detection\Cassava brown spot\brown spot686_.jpg,6,5,0.90205246,0.027501633,Cassava brown spot,Cassava bacterial blight
C:\Users\haitr\OneDrive\Desktop\DL-Assignment-DNAC1\data\crop-pest-and-disease-detection\Cassava green mite\green mite213_.jpg,7,5,0.5543729,0.26543534,Cassava green mite,Cassava bacterial blight
C:\Users\haitr\OneDrive\Desktop\DL-Assignment-DNAC1\data\crop-pest-and-disease-detection\Cassava mosaic\mosaic251_.jpg,9,6,0.640039,0.13937202,Cassava mosaic,Cassava brown spot
C:\Users\haitr\OneDrive\Desktop\DL-Assignment-DNAC1\data\crop-pest-and-disease-detection\Cashew anthracnose\anthracnose984_.jpg,0,3,0.53646487,0.3935092,Cashew anthracnose,Cashew leaf miner
C:\Users\haitr\OneDrive\Desktop\DL-Assignment-DNAC1\data\crop-pest-and-disease-detection\Maize leaf beetle\leaf beetle301_.jpg,13,11,0.44429097,0.35673934,Maize leaf beetle,Maize grasshoper
C:\Users\haitr\OneDrive\Desktop\DL-Assignment-DNAC1\data\crop-pest-and-disease-detection\Tomato verticulium wilt\verticulium wilt746_.jpg,21,20,0.598665,0.012607552,Tomato verticulium wilt,Tomato septoria leaf spot
C:\Users\haitr\OneDrive\Desktop\DL-Assignment-DNAC1\data\crop-pest-and-disease-detection\Tomato verticulium wilt\verticulium wilt48_.jpg,21,18,0.546619,0.22890304,Tomato verticulium wilt,Tomato leaf blight
C:\Users\haitr\OneDrive\Desktop\DL-Assignment-DNAC1\data\crop-pest-and-disease-detection\Cashew anthracnose\anthracnose954_.jpg,0,3,0.91895276,0.000987063,Cashew anthracnose,Cashew leaf miner
C:\Users\haitr\OneDrive\Desktop\DL-Assignment-DNAC1\data\crop-pest-and-disease-detection\Cashew leaf miner\leaf miner841_.jpg,3,0,0.6342792,0.20213157,Cashew leaf miner,Cashew anthracnose
C:\Users\haitr\OneDrive\Desktop\DL-Assignment-DNAC1\data\crop-pest-and-disease-detection\Tomato leaf blight\leaf blight851_.jpg,18,20,0.47879642,0.3314301,Tomato leaf blight,Tomato septoria leaf spot
C:\Users\haitr\OneDrive\Desktop\DL-Assignment-DNAC1\data\crop-pest-and-disease-detection\Cassava mosaic\mosaic194_.jpg,9,7,0.8062427,0.095496766,Cassava mosaic,Cassava green mite
C:\Users\haitr\OneDrive\Desktop\DL-Assignment-DNAC1\data\crop-pest-and-disease-detection\Maize leaf beetle\leaf beetle448_.jpg,13,11,0.53238606,0.23406056,Maize leaf beetle,Maize grasshoper
C:\Users\haitr\OneDrive\Desktop\DL-Assignment-DNAC1\data\crop-pest-and-disease-detection\Tomato leaf blight\leaf blight1025_.jpg,18,21,0.52316564,0.072082035,Tomato leaf blight,Tomato verticulium wilt
C:\Users\haitr\OneDrive\Desktop\DL-Assignment-DNAC1\data\crop-pest-and-disease-detection\Tomato verticulium wilt\verticulium wilt311_.jpg,21,18,0.57373816,0.2667458,Tomato verticulium wilt,Tomato leaf blight
C:\Users\haitr\OneDrive\Desktop\DL-Assignment-DNAC1\data\crop-pest-and-disease-detection\Cassava mosaic\mosaic823_.jpg,9,7,0.75362337,0.11776011,Cassava mosaic,Cassava green mite
C:\Users\haitr\OneDrive\Desktop\DL-Assignment-DNAC1\data\crop-pest-and-disease-detection\Maize leaf blight\leaf blight472_.jpg,14,15,0.5549354,0.378792,Maize leaf blight,Maize leaf spot
C:\Users\haitr\OneDrive\Desktop\DL-Assignment-DNAC1\data\crop-pest-and-disease-detection\Maize leaf spot\leaf spot432_.jpg,15,14,0.77736706,0.13221444,Maize leaf spot,Maize leaf blight
C:\Users\haitr\OneDrive\Desktop\DL-Assignment-DNAC1\data\crop-pest-and-disease-detection\Cashew anthracnose\anthracnose1259_.jpg,0,3,0.9100684,0.028091742,Cashew anthracnose,Cashew leaf miner
C:\Users\haitr\OneDrive\Desktop\DL-Assignment-DNAC1\data\crop-pest-and-disease-detection\Tomato septoria leaf spot\septoria leaf spot507_.jpg,20,19,0.7139412,0.13561386,Tomato septoria leaf spot,Tomato leaf curl
C:\Users\haitr\OneDrive\Desktop\DL-Assignment-DNAC1\data\crop-pest-and-disease-detection\Tomato leaf blight\leaf blight452_.jpg,18,21,0.93839985,0.027548613,Tomato leaf blight,Tomato verticulium wilt
C:\Users\haitr\OneDrive\Desktop\DL-Assignment-DNAC1\data\crop-pest-and-disease-detection\Maize leaf spot\leaf spot957_.jpg,15,16,0.9624005,0.00733345,Maize leaf spot,Maize streak virus
C:\Users\haitr\OneDrive\Desktop\DL-Assignment-DNAC1\data\crop-pest-and-disease-detection\Cashew leaf miner\leaf miner119_.jpg,3,2,0.70704913,0.14830591,Cashew leaf miner,Cashew healthy
C:\Users\haitr\OneDrive\Desktop\DL-Assignment-DNAC1\data\crop-pest-and-disease-detection\Maize streak virus\streak virus313_.jpg,16,10,0.61172575,0.1758901,Maize streak virus,Maize fall armyworm
C:\Users\haitr\OneDrive\Desktop\DL-Assignment-DNAC1\data\crop-pest-and-disease-detection\Tomato septoria leaf spot\septoria leaf spot75_.jpg,20,18,0.812433,0.07309551,Tomato septoria leaf spot,Tomato leaf blight
C:\Users\haitr\OneDrive\Desktop\DL-Assignment-DNAC1\data\crop-pest-and-disease-detection\Tomato septoria leaf spot\septoria leaf spot1394_.jpg,20,21,0.46213862,0.331726,Tomato septoria leaf spot,Tomato verticulium wilt
C:\Users\haitr\OneDrive\Desktop\DL-Assignment-DNAC1\data\crop-pest-and-disease-detection\Maize leaf blight\leaf blight1000_.jpg,14,16,0.63729095,0.21810938,Maize leaf blight,Maize streak virus
C:\Users\haitr\OneDrive\Desktop\DL-Assignment-DNAC1\data\crop-pest-and-disease-detection\Cassava bacterial blight\bacterial blight1368_.jpg,5,6,0.7424643,0.1613463,Cassava bacterial blight,Cassava brown spot
C:\Users\haitr\OneDrive\Desktop\DL-Assignment-DNAC1\data\crop-pest-and-disease-detection\Maize leaf blight\leaf blight269_.jpg,14,15,0.61423695,0.2966624,Maize leaf blight,Maize leaf spot
C:\Users\haitr\OneDrive\Desktop\DL-Assignment-DNAC1\data\crop-pest-and-disease-detection\Tomato leaf blight\leaf blight735_.jpg,18,21,0.7231032,0.010661217,Tomato leaf blight,Tomato verticulium wilt
C:\Users\haitr\OneDrive\Desktop\DL-Assignment-DNAC1\data\crop-pest-and-disease-detection\Maize leaf blight\leaf blight587_.jpg,14,15,0.8398565,0.031587582,Maize leaf blight,Maize leaf spot
C:\Users\haitr\OneDrive\Desktop\DL-Assignment-DNAC1\data\crop-pest-and-disease-detection\Cassava brown spot\brown spot908_.jpg,6,5,0.61707395,0.24704824,Cassava brown spot,Cassava bacterial blight
C:\Users\haitr\OneDrive\Desktop\DL-Assignment-DNAC1\data\crop-pest-and-disease-detection\Maize leaf blight\leaf blight904_.jpg,14,15,0.81453407,0.039103117,Maize leaf blight,Maize leaf spot
C:\Users\haitr\OneDrive\Desktop\DL-Assignment-DNAC1\data\crop-pest-and-disease-detection\Tomato septoria leaf spot\septoria leaf spot90_.jpg,20,17,0.7071317,0.12216399,Tomato septoria leaf spot,Tomato healthy
C:\Users\haitr\OneDrive\Desktop\DL-Assignment-DNAC1\data\crop-pest-and-disease-detection\Cashew anthracnose\anthracnose892_.jpg,0,3,0.44226292,0.4064908,Cashew anthracnose,Cashew leaf miner
C:\Users\haitr\OneDrive\Desktop\DL-Assignment-DNAC1\data\crop-pest-and-disease-detection\Maize streak virus\streak virus568_.jpg,16,14,0.6599582,0.09357104,Maize streak virus,Maize leaf blight
C:\Users\haitr\OneDrive\Desktop\DL-Assignment-DNAC1\data\crop-pest-and-disease-detection\Tomato septoria leaf spot\septoria leaf spot195_.jpg,20,19,0.6536428,0.1085423,Tomato septoria leaf spot,Tomato leaf curl
C:\Users\haitr\OneDrive\Desktop\DL-Assignment-DNAC1\data\crop-pest-and-disease-detection\Cassava mosaic\mosaic1109_.jpg,9,7,0.5051115,0.101674326,Cassava mosaic,Cassava green mite
C:\Users\haitr\OneDrive\Desktop\DL-Assignment-DNAC1\data\crop-pest-and-disease-detection\Maize leaf blight\leaf blight911_.jpg,14,15,0.92469376,0.035325523,Maize leaf blight,Maize leaf spot
C:\Users\haitr\OneDrive\Desktop\DL-Assignment-DNAC1\data\crop-pest-and-disease-detection\Tomato septoria leaf spot\septoria leaf spot205_.jpg,20,18,0.5053829,0.27260795,Tomato septoria leaf spot,Tomato leaf blight
C:\Users\haitr\OneDrive\Desktop\DL-Assignment-DNAC1\data\crop-pest-and-disease-detection\Maize leaf beetle\leaf beetle872_.jpg,13,12,0.93742806,0.006135357,Maize leaf beetle,Maize healthy
C:\Users\haitr\OneDrive\Desktop\DL-Assignment-DNAC1\data\crop-pest-and-disease-detection\Maize leaf spot\leaf spot1051_.jpg,15,12,0.65188545,0.22138955,Maize leaf spot,Maize healthy
C:\Users\haitr\OneDrive\Desktop\DL-Assignment-DNAC1\data\crop-pest-and-disease-detection\Maize leaf spot\leaf spot582_.jpg,15,14,0.8805126,0.0639664,Maize leaf spot,Maize leaf blight
C:\Users\haitr\OneDrive\Desktop\DL-Assignment-DNAC1\data\crop-pest-and-disease-detection\Tomato septoria leaf spot\septoria leaf spot307_.jpg,20,18,0.4872889,0.39015898,Tomato septoria leaf spot,Tomato leaf blight
C:\Users\haitr\OneDrive\Desktop\DL-Assignment-DNAC1\data\crop-pest-and-disease-detection\Tomato leaf blight\leaf blight1291_.jpg,18,20,0.9038544,0.031965014,Tomato leaf blight,Tomato septoria leaf spot
C:\Users\haitr\OneDrive\Desktop\DL-Assignment-DNAC1\data\crop-pest-and-disease-detection\Tomato septoria leaf spot\septoria leaf spot196_.jpg,20,0,0.33111468,0.009016618,Tomato septoria leaf spot,Cashew anthracnose
C:\Users\haitr\OneDrive\Desktop\DL-Assignment-DNAC1\data\crop-pest-and-disease-detection\Maize leaf blight\leaf blight884_.jpg,14,15,0.9377261,0.009571001,Maize leaf blight,Maize leaf spot
C:\Users\haitr\OneDrive\Desktop\DL-Assignment-DNAC1\data\crop-pest-and-disease-detection\Cassava bacterial blight\bacterial blight227_.jpg,5,6,0.6463857,0.28555283,Cassava bacterial blight,Cassava brown spot
C:\Users\haitr\OneDrive\Desktop\DL-Assignment-DNAC1\data\crop-pest-and-disease-detection\Tomato leaf curl\leaf curl221_.jpg,19,20,0.41705686,0.044353634,Tomato leaf curl,Tomato septoria leaf spot
C:\Users\haitr\OneDrive\Desktop\DL-Assignment-DNAC1\data\crop-pest-and-disease-detection\Tomato verticulium wilt\verticulium wilt751_.jpg,21,18,0.5902586,0.025660224,Tomato verticulium wilt,Tomato leaf blight
C:\Users\haitr\OneDrive\Desktop\DL-Assignment-DNAC1\data\crop-pest-and-disease-detection\Tomato septoria leaf spot\septoria leaf spot287_.jpg,20,21,0.8366936,0.05780786,Tomato septoria leaf spot,Tomato verticulium wilt
C:\Users\haitr\OneDrive\Desktop\DL-Assignment-DNAC1\data\crop-pest-and-disease-detection\Maize leaf spot\leaf spot921_.jpg,15,14,0.54971343,0.2684863,Maize leaf spot,Maize leaf blight
C:\Users\haitr\OneDrive\Desktop\DL-Assignment-DNAC1\data\crop-pest-and-disease-detection\Tomato leaf curl\leaf curl472_.jpg,19,21,0.33938178,0.11230649,Tomato leaf curl,Tomato verticulium wilt
C:\Users\haitr\OneDrive\Desktop\DL-Assignment-DNAC1\data\crop-pest-and-disease-detection\Tomato leaf curl\leaf curl488_.jpg,19,20,0.5793672,0.097438835,Tomato leaf curl,Tomato septoria leaf spot
C:\Users\haitr\OneDrive\Desktop\DL-Assignment-DNAC1\data\crop-pest-and-disease-detection\Cassava green mite\green mite48_.jpg,7,5,0.6317254,0.12030411,Cassava green mite,Cassava bacterial blight
C:\Users\haitr\OneDrive\Desktop\DL-Assignment-DNAC1\data\crop-pest-and-disease-detection\Maize leaf spot\leaf spot1131_.jpg,15,12,0.69066364,0.18563338,Maize leaf spot,Maize healthy
C:\Users\haitr\OneDrive\Desktop\DL-Assignment-DNAC1\data\crop-pest-and-disease-detection\Cassava mosaic\mosaic1057_.jpg,9,7,0.63165283,0.15020145,Cassava mosaic,Cassava green mite
C:\Users\haitr\OneDrive\Desktop\DL-Assignment-DNAC1\data\crop-pest-and-disease-detection\Maize streak virus\streak virus573_.jpg,16,14,0.6948745,0.15684995,Maize streak virus,Maize leaf blight
C:\Users\haitr\OneDrive\Desktop\DL-Assignment-DNAC1\data\crop-pest-and-disease-detection\Cassava healthy\healthy945_.jpg,8,7,0.35124668,0.33716184,Cassava healthy,Cassava green mite
C:\Users\haitr\OneDrive\Desktop\DL-Assignment-DNAC1\data\crop-pest-and-disease-detection\Maize leaf spot\leaf spot510_.jpg,15,12,0.5468313,0.32745367,Maize leaf spot,Maize healthy
C:\Users\haitr\OneDrive\Desktop\DL-Assignment-DNAC1\data\crop-pest-and-disease-detection\Maize leaf spot\leaf spot1261_.jpg,15,16,0.6903633,0.25153986,Maize leaf spot,Maize streak virus
C:\Users\haitr\OneDrive\Desktop\DL-Assignment-DNAC1\data\crop-pest-and-disease-detection\Tomato septoria leaf spot\septoria leaf spot338_.jpg,20,18,0.75681514,0.121434554,Tomato septoria leaf spot,Tomato leaf blight
C:\Users\haitr\OneDrive\Desktop\DL-Assignment-DNAC1\data\crop-pest-and-disease-detection\Cashew anthracnose\anthracnose1214_.jpg,0,13,0.41886595,0.11765231,Cashew anthracnose,Maize leaf beetle
C:\Users\haitr\OneDrive\Desktop\DL-Assignment-DNAC1\data\crop-pest-and-disease-detection\Tomato verticulium wilt\verticulium wilt480_.jpg,21,19,0.3638108,0.16049854,Tomato verticulium wilt,Tomato leaf curl
C:\Users\haitr\OneDrive\Desktop\DL-Assignment-DNAC1\data\crop-pest-and-disease-detection\Maize streak virus\streak virus213_.jpg,16,15,0.52269566,0.12904921,Maize streak virus,Maize leaf spot
C:\Users\haitr\OneDrive\Desktop\DL-Assignment-DNAC1\data\crop-pest-and-disease-detection\Tomato leaf curl\leaf curl514_.jpg,19,21,0.57107645,0.25473666,Tomato leaf curl,Tomato verticulium wilt
C:\Users\haitr\OneDrive\Desktop\DL-Assignment-DNAC1\data\crop-pest-and-disease-detection\Maize leaf blight\leaf blight568_.jpg,14,15,0.882484,0.076012775,Maize leaf blight,Maize leaf spot
C:\Users\haitr\OneDrive\Desktop\DL-Assignment-DNAC1\data\crop-pest-and-disease-detection\Cassava brown spot\brown spot472_.jpg,6,5,0.746389,0.15013136,Cassava brown spot,Cassava bacterial blight
C:\Users\haitr\OneDrive\Desktop\DL-Assignment-DNAC1\data\crop-pest-and-disease-detection\Maize leaf blight\leaf blight582_.jpg,14,15,0.8931088,0.025633533,Maize leaf blight,Maize leaf spot
C:\Users\haitr\OneDrive\Desktop\DL-Assignment-DNAC1\data\crop-pest-and-disease-detection\Tomato leaf blight\leaf blight1281_.jpg,18,21,0.77916,0.092441455,Tomato leaf blight,Tomato verticulium wilt
C:\Users\haitr\OneDrive\Desktop\DL-Assignment-DNAC1\data\crop-pest-and-disease-detection\Cassava mosaic\mosaic458_.jpg,9,7,0.796089,0.052747294,Cassava mosaic,Cassava green mite
C:\Users\haitr\OneDrive\Desktop\DL-Assignment-DNAC1\data\crop-pest-and-disease-detection\Maize leaf blight\leaf blight249_.jpg,14,15,0.49549404,0.41337547,Maize leaf blight,Maize leaf spot
C:\Users\haitr\OneDrive\Desktop\DL-Assignment-DNAC1\data\crop-pest-and-disease-detection\Maize streak virus\streak virus599_.jpg,16,15,0.8914615,0.015327884,Maize streak virus,Maize leaf spot
C:\Users\haitr\OneDrive\Desktop\DL-Assignment-DNAC1\data\crop-pest-and-disease-detection\Cassava bacterial blight\bacterial blight2570_.jpg,5,6,0.9017589,0.028869879,Cassava bacterial blight,Cassava brown spot
C:\Users\haitr\OneDrive\Desktop\DL-Assignment-DNAC1\data\crop-pest-and-disease-detection\Maize leaf blight\leaf blight41_.jpg,14,15,0.6780142,0.18537106,Maize leaf blight,Maize leaf spot
C:\Users\haitr\OneDrive\Desktop\DL-Assignment-DNAC1\data\crop-pest-and-disease-detection\Cassava mosaic\mosaic139_.jpg,9,7,0.5114186,0.15297917,Cassava mosaic,Cassava green mite
C:\Users\haitr\OneDrive\Desktop\DL-Assignment-DNAC1\data\crop-pest-and-disease-detection\Tomato leaf blight\leaf blight478_.jpg,18,21,0.77327436,0.11986949,Tomato leaf blight,Tomato verticulium wilt
C:\Users\haitr\OneDrive\Desktop\DL-Assignment-DNAC1\data\crop-pest-and-disease-detection\Maize healthy\healthy3_.jpg,12,15,0.464976,0.07248818,Maize healthy,Maize leaf spot
C:\Users\haitr\OneDrive\Desktop\DL-Assignment-DNAC1\data\crop-pest-and-disease-detection\Cashew anthracnose\anthracnose835_.jpg,0,3,0.8429746,0.010138019,Cashew anthracnose,Cashew leaf miner
C:\Users\haitr\OneDrive\Desktop\DL-Assignment-DNAC1\data\crop-pest-and-disease-detection\Tomato leaf blight\leaf blight650_.jpg,18,19,0.37511525,0.25333706,Tomato leaf blight,Tomato leaf curl
C:\Users\haitr\OneDrive\Desktop\DL-Assignment-DNAC1\data\crop-pest-and-disease-detection\Tomato leaf curl\leaf curl142_.jpg,19,20,0.556602,0.33283553,Tomato leaf curl,Tomato septoria leaf spot
C:\Users\haitr\OneDrive\Desktop\DL-Assignment-DNAC1\data\crop-pest-and-disease-detection\Tomato leaf blight\leaf blight386_.jpg,18,21,0.16014004,0.09090172,Tomato leaf blight,Tomato verticulium wilt
C:\Users\haitr\OneDrive\Desktop\DL-Assignment-DNAC1\data\crop-pest-and-disease-detection\Cashew red rust\red rust356_.jpg,4,3,0.88719267,0.0049466854,Cashew red rust,Cashew leaf miner
C:\Users\haitr\OneDrive\Desktop\DL-Assignment-DNAC1\data\crop-pest-and-disease-detection\Tomato leaf blight\leaf blight1279_.jpg,18,20,0.47738063,0.070486546,Tomato leaf blight,Tomato septoria leaf spot
C:\Users\haitr\OneDrive\Desktop\DL-Assignment-DNAC1\data\crop-pest-and-disease-detection\Cashew anthracnose\anthracnose6_.jpg,0,3,0.9795563,0.002773966,Cashew anthracnose,Cashew leaf miner
C:\Users\haitr\OneDrive\Desktop\DL-Assignment-DNAC1\data\crop-pest-and-disease-detection\Tomato leaf blight\leaf blight759_.jpg,18,20,0.35280922,0.24526854,Tomato leaf blight,Tomato septoria leaf spot
C:\Users\haitr\OneDrive\Desktop\DL-Assignment-DNAC1\data\crop-pest-and-disease-detection\Maize leaf spot\leaf spot886_.jpg,15,14,0.80511475,0.08537567,Maize leaf spot,Maize leaf blight
C:\Users\haitr\OneDrive\Desktop\DL-Assignment-DNAC1\data\crop-pest-and-disease-detection\Tomato leaf blight\leaf blight897_.jpg,18,20,0.6736924,0.15018101,Tomato leaf blight,Tomato septoria leaf spot
C:\Users\haitr\OneDrive\Desktop\DL-Assignment-DNAC1\data\crop-pest-and-disease-detection\Tomato leaf blight\leaf blight818_.jpg,18,21,0.637851,0.2418777,Tomato leaf blight,Tomato verticulium wilt
C:\Users\haitr\OneDrive\Desktop\DL-Assignment-DNAC1\data\crop-pest-and-disease-detection\Tomato verticulium wilt\verticulium wilt740_.jpg,21,20,0.38524315,0.15058692,Tomato verticulium wilt,Tomato septoria leaf spot
C:\Users\haitr\OneDrive\Desktop\DL-Assignment-DNAC1\data\crop-pest-and-disease-detection\Cassava bacterial blight\bacterial blight81_.jpg,5,6,0.734922,0.12909825,Cassava bacterial blight,Cassava brown spot
C:\Users\haitr\OneDrive\Desktop\DL-Assignment-DNAC1\data\crop-pest-and-disease-detection\Tomato leaf curl\leaf curl208_.jpg,19,20,0.6537571,0.017628795,Tomato leaf curl,Tomato septoria leaf spot
C:\Users\haitr\OneDrive\Desktop\DL-Assignment-DNAC1\data\crop-pest-and-disease-detection\Tomato septoria leaf spot\septoria leaf spot829_.jpg,20,21,0.70280373,0.18590024,Tomato septoria leaf spot,Tomato verticulium wilt
C:\Users\haitr\OneDrive\Desktop\DL-Assignment-DNAC1\data\crop-pest-and-disease-detection\Cashew leaf miner\leaf miner1098_.jpg,3,0,0.79470295,0.1173257,Cashew leaf miner,Cashew anthracnose
C:\Users\haitr\OneDrive\Desktop\DL-Assignment-DNAC1\data\crop-pest-and-disease-detection\Cassava healthy\healthy24_.jpg,8,7,0.36352897,0.3532579,Cassava healthy,Cassava green mite
C:\Users\haitr\OneDrive\Desktop\DL-Assignment-DNAC1\data\crop-pest-and-disease-detection\Tomato leaf curl\leaf curl196_.jpg,19,20,0.65013754,0.0951921,Tomato leaf curl,Tomato septoria leaf spot
C:\Users\haitr\OneDrive\Desktop\DL-Assignment-DNAC1\data\crop-pest-and-disease-detection\Tomato leaf curl\leaf curl251_.jpg,19,20,0.6198953,0.027765939,Tomato leaf curl,Tomato septoria leaf spot
C:\Users\haitr\OneDrive\Desktop\DL-Assignment-DNAC1\data\crop-pest-and-disease-detection\Cassava brown spot\brown spot903_.jpg,6,5,0.90241754,0.0110262865,Cassava brown spot,Cassava bacterial blight
C:\Users\haitr\OneDrive\Desktop\DL-Assignment-DNAC1\data\crop-pest-and-disease-detection\Maize streak virus\streak virus137_.jpg,16,15,0.48062503,0.42436665,Maize streak virus,Maize leaf spot
C:\Users\haitr\OneDrive\Desktop\DL-Assignment-DNAC1\data\crop-pest-and-disease-detection\Maize grasshoper\grasshoper285_.jpg,11,13,0.30634236,0.14914085,Maize grasshoper,Maize leaf beetle
C:\Users\haitr\OneDrive\Desktop\DL-Assignment-DNAC1\data\crop-pest-and-disease-detection\Tomato leaf curl\leaf curl465_.jpg,19,20,0.5085248,0.39332741,Tomato leaf curl,Tomato septoria leaf spot
C:\Users\haitr\OneDrive\Desktop\DL-Assignment-DNAC1\data\crop-pest-and-disease-detection\Maize leaf spot\leaf spot1089_.jpg,15,12,0.8677018,0.08047141,Maize leaf spot,Maize healthy
C:\Users\haitr\OneDrive\Desktop\DL-Assignment-DNAC1\data\crop-pest-and-disease-detection\Cassava bacterial blight\bacterial blight1248_.jpg,5,6,0.92931783,0.0033915718,Cassava bacterial blight,Cassava brown spot
C:\Users\haitr\OneDrive\Desktop\DL-Assignment-DNAC1\data\crop-pest-and-disease-detection\Maize leaf spot\leaf spot1055_.jpg,15,12,0.92531586,0.016590584,Maize leaf spot,Maize healthy
C:\Users\haitr\OneDrive\Desktop\DL-Assignment-DNAC1\data\crop-pest-and-disease-detection\Maize leaf spot\leaf spot1047_.jpg,15,12,0.8334979,0.0842557,Maize leaf spot,Maize healthy
C:\Users\haitr\OneDrive\Desktop\DL-Assignment-DNAC1\data\crop-pest-and-disease-detection\Maize leaf spot\leaf spot1091_.jpg,15,12,0.8907067,0.047788277,Maize leaf spot,Maize healthy
C:\Users\haitr\OneDrive\Desktop\DL-Assignment-DNAC1\data\crop-pest-and-disease-detection\Maize leaf blight\leaf blight597_.jpg,14,15,0.45999265,0.3225537,Maize leaf blight,Maize leaf spot
C:\Users\haitr\OneDrive\Desktop\DL-Assignment-DNAC1\data\crop-pest-and-disease-detection\Tomato leaf blight\leaf blight746_.jpg,18,20,0.8487731,0.0064677377,Tomato leaf blight,Tomato septoria leaf spot
C:\Users\haitr\OneDrive\Desktop\DL-Assignment-DNAC1\data\crop-pest-and-disease-detection\Tomato verticulium wilt\verticulium wilt498_.jpg,21,18,0.85078967,0.09513249,Tomato verticulium wilt,Tomato leaf blight
C:\Users\haitr\OneDrive\Desktop\DL-Assignment-DNAC1\data\crop-pest-and-disease-detection\Tomato verticulium wilt\verticulium wilt526_.jpg,21,18,0.3547954,0.29599005,Tomato verticulium wilt,Tomato leaf blight
C:\Users\haitr\OneDrive\Desktop\DL-Assignment-DNAC1\data\crop-pest-and-disease-detection\Tomato leaf blight\leaf blight742_.jpg,18,21,0.7059005,0.15502489,Tomato leaf blight,Tomato verticulium wilt
C:\Users\haitr\OneDrive\Desktop\DL-Assignment-DNAC1\data\crop-pest-and-disease-detection\Maize leaf beetle\leaf beetle400_.jpg,13,15,0.7330983,0.14143522,Maize leaf beetle,Maize leaf spot
C:\Users\haitr\OneDrive\Desktop\DL-Assignment-DNAC1\data\crop-pest-and-disease-detection\Tomato verticulium wilt\verticulium wilt377_.jpg,21,19,0.7487162,0.022207852,Tomato verticulium wilt,Tomato leaf curl
C:\Users\haitr\OneDrive\Desktop\DL-Assignment-DNAC1\data\crop-pest-and-disease-detection\Cassava bacterial blight\bacterial blight320_.jpg,5,6,0.5624333,0.31461027,Cassava bacterial blight,Cassava brown spot
C:\Users\haitr\OneDrive\Desktop\DL-Assignment-DNAC1\data\crop-pest-and-disease-detection\Tomato verticulium wilt\verticulium wilt249_.jpg,21,20,0.54373133,0.29442173,Tomato verticulium wilt,Tomato septoria leaf spot
C:\Users\haitr\OneDrive\Desktop\DL-Assignment-DNAC1\data\crop-pest-and-disease-detection\Cassava brown spot\brown spot272_.jpg,6,5,0.5194709,0.31067044,Cassava brown spot,Cassava bacterial blight
C:\Users\haitr\OneDrive\Desktop\DL-Assignment-DNAC1\data\crop-pest-and-disease-detection\Maize leaf spot\leaf spot1226_.jpg,15,16,0.7893484,0.06590458,Maize leaf spot,Maize streak virus
C:\Users\haitr\OneDrive\Desktop\DL-Assignment-DNAC1\data\crop-pest-and-disease-detection\Tomato leaf blight\leaf blight977_.jpg,18,21,0.88539445,0.012475357,Tomato leaf blight,Tomato verticulium wilt
C:\Users\haitr\OneDrive\Desktop\DL-Assignment-DNAC1\data\crop-pest-and-disease-detection\Tomato septoria leaf spot\septoria leaf spot426_.jpg,20,18,0.5512049,0.15143566,Tomato septoria leaf spot,Tomato leaf blight
C:\Users\haitr\OneDrive\Desktop\DL-Assignment-DNAC1\data\crop-pest-and-disease-detection\Tomato septoria leaf spot\septoria leaf spot1285_.jpg,20,17,0.88179374,0.043625675,Tomato septoria leaf spot,Tomato healthy
C:\Users\haitr\OneDrive\Desktop\DL-Assignment-DNAC1\data\crop-pest-and-disease-detection\Cashew red rust\red rust1413_.jpg,4,0,0.562642,0.27927253,Cashew red rust,Cashew anthracnose
C:\Users\haitr\OneDrive\Desktop\DL-Assignment-DNAC1\data\crop-pest-and-disease-detection\Maize leaf blight\leaf blight350_.jpg,14,15,0.52339363,0.3067976,Maize leaf blight,Maize leaf spot
C:\Users\haitr\OneDrive\Desktop\DL-Assignment-DNAC1\data\crop-pest-and-disease-detection\Cashew anthracnose\anthracnose1286_.jpg,0,5,0.35383832,0.17684843,Cashew anthracnose,Cassava bacterial blight
C:\Users\haitr\OneDrive\Desktop\DL-Assignment-DNAC1\data\crop-pest-and-disease-detection\Maize leaf spot\leaf spot1111_.jpg,15,12,0.5705867,0.3283416,Maize leaf spot,Maize healthy
C:\Users\haitr\OneDrive\Desktop\DL-Assignment-DNAC1\data\crop-pest-and-disease-detection\Cashew anthracnose\anthracnose1709_.jpg,0,2,0.9215322,0.01963525,Cashew anthracnose,Cashew healthy
C:\Users\haitr\OneDrive\Desktop\DL-Assignment-DNAC1\data\crop-pest-and-disease-detection\Maize leaf spot\leaf spot915_.jpg,15,14,0.85051423,0.06729706,Maize leaf spot,Maize leaf blight
C:\Users\haitr\OneDrive\Desktop\DL-Assignment-DNAC1\data\crop-pest-and-disease-detection\Tomato leaf blight\leaf blight459_.jpg,18,21,0.42030615,0.31632808,Tomato leaf blight,Tomato verticulium wilt
C:\Users\haitr\OneDrive\Desktop\DL-Assignment-DNAC1\data\crop-pest-and-disease-detection\Maize leaf blight\leaf blight414_.jpg,14,15,0.9087904,0.035214677,Maize leaf blight,Maize leaf spot
C:\Users\haitr\OneDrive\Desktop\DL-Assignment-DNAC1\data\crop-pest-and-disease-detection\Tomato septoria leaf spot\septoria leaf spot180_.jpg,20,18,0.68987113,0.028546672,Tomato septoria leaf spot,Tomato leaf blight
C:\Users\haitr\OneDrive\Desktop\DL-Assignment-DNAC1\data\crop-pest-and-disease-detection\Tomato leaf blight\leaf blight21_.jpg,18,21,0.5855155,0.1993217,Tomato leaf blight,Tomato verticulium wilt
C:\Users\haitr\OneDrive\Desktop\DL-Assignment-DNAC1\data\crop-pest-and-disease-detection\Tomato leaf blight\leaf blight978_.jpg,18,20,0.32463557,0.032384537,Tomato leaf blight,Tomato septoria leaf spot
C:\Users\haitr\OneDrive\Desktop\DL-Assignment-DNAC1\data\crop-pest-and-disease-detection\Cassava bacterial blight\bacterial blight2105_.jpg,5,6,0.57653815,0.28841385,Cassava bacterial blight,Cassava brown spot
C:\Users\haitr\OneDrive\Desktop\DL-Assignment-DNAC1\data\crop-pest-and-disease-detection\Maize leaf spot\leaf spot897_.jpg,15,14,0.5783922,0.3365683,Maize leaf spot,Maize leaf blight
C:\Users\haitr\OneDrive\Desktop\DL-Assignment-DNAC1\data\crop-pest-and-disease-detection\Maize leaf blight\leaf blight695_.jpg,14,15,0.6069264,0.28402233,Maize leaf blight,Maize leaf spot
C:\Users\haitr\OneDrive\Desktop\DL-Assignment-DNAC1\data\crop-pest-and-disease-detection\Tomato leaf blight\leaf blight687_.jpg,18,21,0.6389166,0.23864327,Tomato leaf blight,Tomato verticulium wilt
C:\Users\haitr\OneDrive\Desktop\DL-Assignment-DNAC1\data\crop-pest-and-disease-detection\Tomato leaf blight\leaf blight544_.jpg,18,20,0.4358297,0.13781871,Tomato leaf blight,Tomato septoria leaf spot
C:\Users\haitr\OneDrive\Desktop\DL-Assignment-DNAC1\data\crop-pest-and-disease-detection\Tomato leaf blight\leaf blight1277_.jpg,18,20,0.71005476,0.04329315,Tomato leaf blight,Tomato septoria leaf spot
C:\Users\haitr\OneDrive\Desktop\DL-Assignment-DNAC1\data\crop-pest-and-disease-detection\Maize leaf spot\leaf spot666_.jpg,15,16,0.82132125,0.105417795,Maize leaf spot,Maize streak virus
C:\Users\haitr\OneDrive\Desktop\DL-Assignment-DNAC1\data\crop-pest-and-disease-detection\Tomato septoria leaf spot\septoria leaf spot672_.jpg,20,21,0.7866983,0.13031991,Tomato septoria leaf spot,Tomato verticulium wilt
C:\Users\haitr\OneDrive\Desktop\DL-Assignment-DNAC1\data\crop-pest-and-disease-detection\Maize leaf beetle\leaf beetle386_.jpg,13,10,0.64881355,0.03191771,Maize leaf beetle,Maize fall armyworm
C:\Users\haitr\OneDrive\Desktop\DL-Assignment-DNAC1\data\crop-pest-and-disease-detection\Maize leaf spot\leaf spot695_.jpg,15,14,0.7010356,0.104132205,Maize leaf spot,Maize leaf blight
C:\Users\haitr\OneDrive\Desktop\DL-Assignment-DNAC1\data\crop-pest-and-disease-detection\Tomato septoria leaf spot\septoria leaf spot154_.jpg,20,18,0.71695954,0.049693696,Tomato septoria leaf spot,Tomato leaf blight
C:\Users\haitr\OneDrive\Desktop\DL-Assignment-DNAC1\data\crop-pest-and-disease-detection\Tomato leaf blight\leaf blight850_.jpg,18,20,0.4681131,0.35322165,Tomato leaf blight,Tomato septoria leaf spot
C:\Users\haitr\OneDrive\Desktop\DL-Assignment-DNAC1\data\crop-pest-and-disease-detection\Tomato leaf blight\leaf blight481_.jpg,18,21,0.68671596,0.22248192,Tomato leaf blight,Tomato verticulium wilt
C:\Users\haitr\OneDrive\Desktop\DL-Assignment-DNAC1\data\crop-pest-and-disease-detection\Maize leaf blight\leaf blight16_.jpg,14,15,0.7605531,0.11131349,Maize leaf blight,Maize leaf spot
C:\Users\haitr\OneDrive\Desktop\DL-Assignment-DNAC1\data\crop-pest-and-disease-detection\Maize streak virus\streak virus1003_.jpg,16,15,0.53366804,0.321258,Maize streak virus,Maize leaf spot
C:\Users\haitr\OneDrive\Desktop\DL-Assignment-DNAC1\data\crop-pest-and-disease-detection\Cassava green mite\green mite25_.jpg,7,9,0.48678657,0.077929065,Cassava green mite,Cassava mosaic
C:\Users\haitr\OneDrive\Desktop\DL-Assignment-DNAC1\data\crop-pest-and-disease-detection\Tomato septoria leaf spot\septoria leaf spot1692_.jpg,20,21,0.6313416,0.17286843,Tomato septoria leaf spot,Tomato verticulium wilt
C:\Users\haitr\OneDrive\Desktop\DL-Assignment-DNAC1\data\crop-pest-and-disease-detection\Tomato leaf curl\leaf curl385_.jpg,19,17,0.8354309,0.054639447,Tomato leaf curl,Tomato healthy
C:\Users\haitr\OneDrive\Desktop\DL-Assignment-DNAC1\data\crop-pest-and-disease-detection\Tomato septoria leaf spot\septoria leaf spot1906_.jpg,20,18,0.30477086,0.17805287,Tomato septoria leaf spot,Tomato leaf blight
C:\Users\haitr\OneDrive\Desktop\DL-Assignment-DNAC1\data\crop-pest-and-disease-detection\Maize leaf blight\leaf blight566_.jpg,14,15,0.9532428,0.015683271,Maize leaf blight,Maize leaf spot
